<?xml version="1.0" encoding="UTF-8"?>
<!DOCTYPE mapper PUBLIC "-//mybatis.org//DTD Mapper 3.0//EN"
        "http://mybatis.org/dtd/mybatis-3-mapper.dtd">

<mapper namespace="com.project.study.dao.TaskDao">

    <insert id="createNewEssay" parameterType="com.project.study.dto.EssayDto" useGeneratedKeys="true" keyProperty="id">
        insert into study.e_essay
        <trim prefix="(" suffix=")" suffixOverrides=",">
            <if test="studentId != null and studentId != ''">student_id,</if>
            <if test="teacherId != null and teacherId != ''">teacher_id,</if>
            <if test="course != null and course != ''">course,</if>
            <if test="question != null and question!= ''">question,</if>
            <if test="status != null and status!= ''">status,</if>
            <if test="taskApplyTime != null">task_apply_time,</if>
            <if test="createTime != null ">create_time,</if>
            <if test="updateTime != null ">update_time,</if>
        </trim>
        <trim prefix="values (" suffix=")" suffixOverrides=",">
            <if test="studentId != null and studentId != ''">#{studentId},</if>
            <if test="teacherId != null and teacherId != ''">#{teacherId},</if>
            <if test="course != null and course != ''">#{course},</if>
            <if test="question != null and question !=''">#{question},</if>
            <if test="status != null and status !=''">#{status},</if>
            <if test="taskApplyTime != null ">#{taskApplyTime},</if>
            <if test="createTime != null ">#{createTime},</if>
            <if test="updateTime != null ">#{updateTime},</if>
        </trim>
    </insert>

    <select id="getAllEssay" resultType="com.project.study.dto.EssayDto" parameterType="com.project.study.dto.EssayDto">
        SELECT  id as essayId,
                student_id as studentId,
                teacher_id as teacherId,
                course as course,
                question as question,
                answer as answer,
                status as status,
                task_apply_time as taskApplyTime,
                task_completion_time as taskCompletionTime,
                create_time as createTime,
                update_time as updateTime
        FROM study.e_essay
        <where>
            1=1
            <if test="essayId != null and essayId != '' ">
             and id = #{essayId}
            </if>
            <if test="studentId != null and studentId != '' ">
                and student_id = #{studentId}
            </if>
            <if test="teacherId != null and teacherId != '' ">
                and teacher_id = #{teacherId}
            </if>
            <if test="course != null and course != ''">
                and course like concat(concat("%",#{course}),"%")
            </if>
            <if test="question != null and question != ''">
                and question like concat(concat("%",#{question}),"%")
            </if>
            <if test="status != null and status != ''">
                and status = #{status}
            </if>
        </where>
        order by id desc
    </select>

    <update id="markEssayAsCompleted" parameterType="com.project.study.dto.EssayDto">
        update study.e_essay
        <set>
            <if test="status != null and status != ''">
                 status = #{status},
            </if>
        </set>
        WHERE id = #{essayId}
    </update>

    <update id="sendEssayAnswer" parameterType="com.project.study.dto.EssayDto">
        update study.e_essay
        <set>
            <if test="answer != null ">
                answer = #{answer},
            </if>
            <if test="taskCompletionTime != null ">
                task_completion_time = #{taskCompletionTime},
            </if>
        </set>
        WHERE id = #{essayId}
    </update>

</mapper>
