<?xml version="1.0" encoding="UTF-8"?>
<!DOCTYPE mapper PUBLIC "-//mybatis.org//DTD Mapper 3.0//EN"
        "http://mybatis.org/dtd/mybatis-3-mapper.dtd">

<mapper namespace="com.project.teacher.dao.AttendanceDao">

    <insert id="checkIn" parameterType="com.project.teacher.dto.AttendanceDto" useGeneratedKeys="true" keyProperty="id">
        insert into teacher.attendance
        <trim prefix="(" suffix=")" suffixOverrides=",">
            <if test="teacherId != null and teacherId != ''">teacher_id,</if>
            <if test="checkInTime != null">check_in_time,</if>
            <if test="checkInLocation != null and checkInLocation != ''">check_in_location,</if>
<!--            <if test="checkOutTime != null ">check_out_time,</if>-->
<!--            <if test="checkOutLocation != null and checkOutLocation!= ''">check_out_location,</if>-->
            <if test="attendanceHour != null and attendanceHour!= ''">attendance_hour,</if>
            <if test="createTime != null ">create_time,</if>
            <if test="updateTime != null ">update_time,</if>
        </trim>
        <trim prefix="values (" suffix=")" suffixOverrides=",">
            <if test="teacherId != null and teacherId != ''">#{teacherId},</if>
            <if test="checkInTime != null">#{checkInTime},</if>
            <if test="checkInLocation != null and checkInLocation != ''">#{checkInLocation},</if>
<!--            <if test="checkOutTime != null">#{checkOutTime},</if>-->
<!--            <if test="checkOutLocation != null and checkOutLocation !=''">#{checkOutLocation},</if>-->
            <if test="attendanceHour != null and attendanceHour !=''">#{attendanceHour},</if>
            <if test="createTime != null ">#{createTime},</if>
            <if test="updateTime != null ">#{updateTime},</if>
        </trim>
    </insert>

    <update id="checkOut" parameterType="com.project.teacher.dto.AttendanceDto">
        update teacher.attendance
        <set>
            <if test="checkOutTime != null">
                check_out_time = #{checkOutTime},
            </if>
            <if test="checkOutLocation != null and checkOutLocation != ''">
                check_out_location = #{checkOutLocation},
            </if>
            <if test="attendanceHour != null">
                attendance_hour = #{attendanceHour},
            </if>
        </set>
        WHERE id = #{id}
    </update>

    <select id="getAll" resultType="com.project.teacher.dto.AttendanceDto" parameterType="com.project.teacher.dto.AttendanceDto">
        SELECT  id as id,
                teacher_id as teacherId,
                check_in_time as checkInTime,
                check_in_location as checkInLocation,
                check_out_time as checkOutTime,
                check_out_location as checkOutLocation,
                attendance_hour as attendanceHour,
                create_time as createTime,
                update_time as updateTime
        FROM teacher.attendance
        <where>
            1=1
            <if test="teacherId != null and teacherId != '' ">
             and teacher_id = #{teacherId}
            </if>
        </where>
        order by id desc
    </select>

    <select id="getTodayLog" resultType="com.project.teacher.dto.AttendanceDto" parameterType="com.project.teacher.dto.AttendanceDto">
        SELECT  id as id,
        teacher_id as teacherId,
        check_in_time as checkInTime,
        check_in_location as checkInLocation,
        check_out_time as checkOutTime,
        check_out_location as checkOutLocation,
        attendance_hour as attendanceHour,
        create_time as createTime,
        update_time as updateTime
        FROM teacher.attendance
        <where>
            1=1
            <if test="teacherId != null and teacherId != '' ">
                and teacher_id = #{teacherId}
            </if>
            and date(check_in_time) = date(now())
        </where>
        limit 1
    </select>


</mapper>
